MSID,MSName,ZSID,ZSName,Achse,HNr,Hoehe,EKoord,NKoord,Richtung,Knummer,Kname,AnzDetektoren,D1ID,D2ID,D3ID,D4ID,lon,lat
Z001M001,Unbekannt,Z001,Seestrasse (Strandbad Wollishofen),Seestrasse,451,Unbekannt,2683009.89,1243936.2,auswärts,789,Badanstalt Wollishofen,1,2,Unbekannt,Unbekannt,Unbekannt,8.537068036893146,47.341058530420376
Z001M002,Unbekannt,Z001,Seestrasse (Strandbad Wollishofen),Seestrasse,451,Unbekannt,2683013.18,1243937.64,einwärts,789,Badanstalt Wollishofen,1,1,Unbekannt,Unbekannt,Unbekannt,8.537111833404706,47.34107106679844
Z002M001,Unbekannt,Z002,Albisstrasse (Widmerstrasse),Albisstrasse,152,Unbekannt,2682480.51,1243162.5,auswärts,679,Albis-/Paradies-/Widmerstr (Schulweg),1,13,Unbekannt,Unbekannt,Unbekannt,8.529921464289464,47.33416670595236
Z002M002,Unbekannt,Z002,Albisstrasse (Widmerstrasse),Albisstrasse,152,Unbekannt,2682484.91,1243162.41,einwärts,679,Albis-/Paradies-/Widmerstr (Schulweg),1,14,Unbekannt,Unbekannt,Unbekannt,8.52997965640755,47.334165346180285
Z003M001,Unbekannt,Z003,Sood-/Leimbachstrasse,Soodstrasse,Unbekannt,Leimbachstrasse,2681573.79,1242969.91,auswärts,669,Leimbach-/Soodstr,1,16,Unbekannt,Unbekannt,Unbekannt,8.517891174463774,47.33254743168517
Z003M002,Unbekannt,Z003,Sood-/Leimbachstrasse,Leimbachstrasse,64,Unbekannt,2681607.86,1243010.95,einwärts,669,Leimbach-/Soodstr,1,18,Unbekannt,Unbekannt,Unbekannt,8.518349352547869,47.33291231033498
Z004M001,Unbekannt,Z004,Birmensdorferstrasse (Triemli),Birmensdorferstrasse,Unbekannt,90m ab Knoten,2679762.52,1246863.95,auswärts,780,Birmensdorfer-/Triemlistr,1,1,Unbekannt,Unbekannt,Unbekannt,8.494623260545984,47.36779007207363
Z004M002,Unbekannt,Z004,Birmensdorferstrasse (Triemli),Birmensdorferstrasse,Unbekannt,vor Knoten,2679771.84,1246852.29,einwärts,780,Birmensdorfer-/Triemlistr,2,2,3,Unbekannt,Unbekannt,8.494744558294375,47.36768408027976
Z005M001,Unbekannt,Z005,Albisriederstrasse (Lyrenweg),Albisriederstrasse,Unbekannt,Lyrenweg,2678874.03,1247598.55,auswärts,785,Albisriederstr/Lyrenweg,1,2,Unbekannt,Unbekannt,Unbekannt,8.482991115336937,47.374503607417246
Z005M002,Unbekannt,Z005,Albisriederstrasse (Lyrenweg),Albisriederstrasse,Unbekannt,Lyrenweg,2678871.97,1247592.79,einwärts,785,Albisriederstr/Lyrenweg,1,1,Unbekannt,Unbekannt,Unbekannt,8.482962827328816,47.37445205165538
Z006M001,Unbekannt,Z006,Badenerstrasse (Hermetschloobrücke),Zürcherstrasse (Badenerstrassse),Unbekannt,35m ab Knoten,2678023.77,1249754.67,auswärts,457,Badenerstr/Hermetschloobrücke/Zürcherstr,1,22,Unbekannt,Unbekannt,Unbekannt,8.472110139179229,47.3939957858754
Z006M002,Unbekannt,Z006,Badenerstrasse (Hermetschloobrücke),Zürcherstrasse (Badenerstrassse),Unbekannt,35m ab Knoten,2678017.34,1249747.52,einwärts,457,Badenerstr/Hermetschloobrücke/Zürcherstr,2,21,22,Unbekannt,Unbekannt,8.472023731621112,47.39393224447725
Z007M001,Unbekannt,Z007,Bernerstrasse (Hermetschloobrücke),Bernerstrasse,Unbekannt,130m vor Knoten,2678132.31,1250219.47,einwärts,786,Bernerstr/A1 Limmatbrücke,1,3,Unbekannt,Unbekannt,Unbekannt,8.473628863257245,47.39816305979795
Z007M002,Unbekannt,Z007,Bernerstrasse (Hermetschloobrücke),Bernerstrasse,Unbekannt,130m ab Knoten,2678135.59,1250227.0,auswärts,786,Bernerstr/A1 Limmatbrücke,2,1,2,Unbekannt,Unbekannt,8.473673623314665,47.39823039108108
Z008M001,Unbekannt,Z008,Limmattalstrasse (Frankentalerstrasse),Limmattalstrasse,400,Unbekannt,2678639.3,1251013.35,auswärts,476,Frankentaler-/Limmattalstr,1,22,Unbekannt,Unbekannt,Unbekannt,8.48048368883257,47.405242396545944
Z008M002,Unbekannt,Z008,Limmattalstrasse (Frankentalerstrasse),Limmattalstrasse,410,Unbekannt,2678533.23,1250991.72,einwärts,476,Frankentaler-/Limmattalstr,1,23,Unbekannt,Unbekannt,Unbekannt,8.47907477755583,47.4050605265408
Z009M001,Unbekannt,Z009,Regensdorferstrasse (Frankentalerstrasse),Regensdorferstrasse,Unbekannt,Im Stelzenacker,2678841.72,1252207.33,auswärts,486,Frankentaler-/Regensdorferstr,1,20,Unbekannt,Unbekannt,Unbekannt,8.483375732622852,47.415956085479074
Z009M002,Unbekannt,Z009,Regensdorferstrasse (Frankentalerstrasse),Regensdorferstrasse,Unbekannt,Im Stelzenacker,2678836.59,1252206.8,einwärts,486,Frankentaler-/Regensdorferstr,1,21,Unbekannt,Unbekannt,Unbekannt,8.483307668255932,47.41595193323872
Z010M001,Unbekannt,Z010,Wehntalerstrasse (Zehntenhausplatz),Wehntalerstrasse,Unbekannt,Holderbachweg,2680425.14,1252660.75,auswärts,235,Wehntalerstr 566 (Fg-Uebergang Schulhaus Holderbach),2,11,12,Unbekannt,Unbekannt,8.504437070667967,47.41984233052454
Z010M002,Unbekannt,Z010,Wehntalerstrasse (Zehntenhausplatz),Wehntalerstrasse,Unbekannt,Holderbachweg,2680421.43,1252654.93,einwärts,233,Zehntenhausplatz,1,19,Unbekannt,Unbekannt,Unbekannt,8.504386863506099,47.41979044269868
Z011M001,Unbekannt,Z011,Glattalstrasse (Kolbenackerstrasse),Glattalstrasse,58,Unbekannt,2683637.14,1253424.13,auswärts,258,Glatttalstr/Kolbenacker,1,15,Unbekannt,Unbekannt,Unbekannt,8.54714058857696,47.42630738167029
Z011M002,Unbekannt,Z011,Glattalstrasse (Kolbenackerstrasse),Glattalstrasse,83,Unbekannt,2683585.35,1253498.54,einwärts,258,Glatttalstr/Kolbenacker,1,14,Unbekannt,Unbekannt,Unbekannt,8.546468184025155,47.42698314452591
Z012M001,Unbekannt,Z012,Schaffhauserstrasse (Glatttalstrasse),Schaffhauserstrasse,Unbekannt,ab Knoten,2683993.98,1253123.36,auswärts,256,Glatttal-/Schaffhauserstr,1,20,Unbekannt,Unbekannt,Unbekannt,8.55181292130483,47.42355706074551
Z012M002,Unbekannt,Z012,Schaffhauserstrasse (Glatttalstrasse),Schaffhauserstrasse,Unbekannt,vor Knoten,2683989.6,1253125.84,einwärts,256,Glatttal-/Schaffhauserstr,2,21,22,Unbekannt,Unbekannt,8.551755346312008,47.42357992272813
Z013M001,Unbekannt,Z013,Thurgauerstrasse (Schärenmoosstrasse),Thurgauerstrasse,59,Unbekannt,2684310.47,1252727.56,einwärts,109,Schärenmoos-/Thurgauerstr,2,14,15,Unbekannt,Unbekannt,8.555932173778455,47.41995709179103
Z013M002,Unbekannt,Z013,Thurgauerstrasse (Schärenmoosstrasse),Thurgauerstrasse,Unbekannt,Schärenmoosstrasse,2684306.94,1252690.68,auswärts,109,Schärenmoos-/Thurgauerstr,2,12,13,Unbekannt,Unbekannt,8.555878441251167,47.419625873998214
Z014M001,Unbekannt,Z014,Weststrasse (Ueberlandstrasse),Weststrasse (Wallisellen),Unbekannt,Auf Rampe 50m ab Ueberlandstrasse,2686139.38,1251547.6,auswärts,133,Ueberlandstr 327 (Weststr. Kanton),1,13,Unbekannt,Unbekannt,Unbekannt,8.579938633614873,47.409108734330275
Z014M002,Unbekannt,Z014,Weststrasse (Ueberlandstrasse),Weststrasse (Wallisellen),Unbekannt,Auf Rampe 50m vor Ueberlandstrasse,2686130.26,1251546.14,einwärts,133,Ueberlandstr 327 (Weststr. Kanton),2,11,12,Unbekannt,Unbekannt,8.579817532818955,47.409096797199275
Z015M001,Unbekannt,Z015,Neue Winterthurerstrasse (Ueberlandstrasse),Neue Winterthurerstrasse,Unbekannt,Auf Rampe 50m ab Ueberlandstrasse,2687021.11,1251261.03,auswärts,782,Neue Winterthurer-/Ueberlandstr,1,4,Unbekannt,Unbekannt,Unbekannt,8.591563762647848,47.40641562297193
Z015M002,Unbekannt,Z015,Neue Winterthurerstrasse (Ueberlandstrasse),Neue Winterthurerstrasse,Unbekannt,Auf Rampe 50m vor Ueberlandstrasse,2687010.56,1251264.63,einwärts,782,Neue Winterthurer-/Ueberlandstr,3,1,2,3,Unbekannt,8.591424706920156,47.40644939253652
Z016M003,Unbekannt,Z016,Ueberlandstrasse (Neue Winterthurerstrasse),Ueberlandstrasse,Unbekannt,ab Neue Winterthurerstrasse,2687005.31,1251174.49,auswärts,782,Neue Winterthurer-/Ueberlandstr,2,8,9,Unbekannt,Unbekannt,8.591337617276631,47.40563943945428
Z016M004,Unbekannt,Z016,Ueberlandstrasse (Neue Winterthurerstrasse),Ueberlandstrasse,Unbekannt,vor Neue Winterthurerstrasse,2687010.02,1251185.21,einwärts,782,Neue Winterthurer-/Ueberlandstr,2,6,7,Unbekannt,Unbekannt,8.591402096335326,47.40573522422757
Z017M001,Unbekannt,Z017,Dübendorfstrasse (Altwiesenstrasse),Dübendorfstrasse,394,Unbekannt,2687080.9,1250340.44,auswärts,138,Altwiesen-/Dübendorfstr/Hohmoos (Mattenhof),1,15,Unbekannt,Unbekannt,Unbekannt,8.592176513030354,47.398128663924474
Z017M002,Unbekannt,Z017,Dübendorfstrasse (Altwiesenstrasse),Dübendorfstrasse,394,Unbekannt,2687080.72,1250344.37,einwärts,138,Altwiesen-/Dübendorfstr/Hohmoos (Mattenhof),1,16,Unbekannt,Unbekannt,Unbekannt,8.592174894204303,47.39816403106842
Z018M001,Unbekannt,Z018,Tobelhof-/Dreiwiesenstrasse,Tobelhof- und Dreiwiesenstrasse,Unbekannt,beim Knoten,2685813.35,1248142.25,auswärts,550,Dreiwiesen-/Tobelhofstr,2,17,20,Unbekannt,Unbekannt,8.574966121552066,47.378526111626364
Z018M002,Unbekannt,Z018,Tobelhof-/Dreiwiesenstrasse,Tobelhof- und Dreiwiesenstrasse,Unbekannt,beim Knoten,2685849.45,1248148.3,einwärts,550,Dreiwiesen-/Tobelhofstr,2,18,19,Unbekannt,Unbekannt,8.575445251676445,47.37857581831371
Z019M001,Unbekannt,Z019,Witikonerstrasse (Katzenschwanzstrasse),Witikonerstrasse,464,Unbekannt,2687630.91,1246201.94,auswärts,534,Katzenschwanz-/Witikonerstr,1,14,Unbekannt,Unbekannt,Unbekannt,8.598650982179922,47.36083711637546
Z019M002,Unbekannt,Z019,Witikonerstrasse (Katzenschwanzstrasse),Witikonerstrasse,449,Unbekannt,2687628.72,1246207.3,einwärts,534,Katzenschwanz-/Witikonerstr,1,13,Unbekannt,Unbekannt,Unbekannt,8.598623044824578,47.36088561169392
Z020M001,Unbekannt,Z020,Forchstrasse (Witellikerstrasse),Forchstrasse,328,Unbekannt,2685897.8,1245406.61,auswärts,525,Forch-/Witellikerstr,1,16,Unbekannt,Unbekannt,Unbekannt,8.575559426804348,47.3539125847475
Z020M002,Unbekannt,Z020,Forchstrasse (Witellikerstrasse),Forchstrasse,345,Unbekannt,2685961.74,1245348.47,einwärts,525,Forch-/Witellikerstr,2,14,15,Unbekannt,Unbekannt,8.576394453999152,47.35338137516122
Z021M001,Unbekannt,Z021,Bellerivestrasse (Bahnhof Tiefenbrunnen),Bellerivestrasse,Unbekannt,Einfahrt Bahnhof Tiefenbrunnen,2684868.02,1244845.23,auswärts,621,Bellerivestr (Ausfahrt Seepolizei),2,15,16,Unbekannt,Unbekannt,8.561824896918994,47.34899725993967
Z021M002,Unbekannt,Z021,Bellerivestrasse (Bahnhof Tiefenbrunnen),Bellerivestrasse,250,Unbekannt,2684905.26,1244804.51,einwärts,621,Bellerivestr (Ausfahrt Seepolizei),2,13,14,Unbekannt,Unbekannt,8.562309971594532,47.34862625336168
Z022M001,Unbekannt,Z022,Allmendstrasse (Brunau),Allmendstrasse West,Unbekannt,Brunau,2681701.49,1244599.72,auswärts,783,A3 Allmendstr,2,1,2,Unbekannt,Unbekannt,8.519877593903185,47.34718931215963
Z022M002,Unbekannt,Z022,Allmendstrasse (Brunau),Allmendstrasse Ost,Unbekannt,Brunau,2681748.24,1244565.5,einwärts,783,A3 Allmendstr,1,4,Unbekannt,Unbekannt,Unbekannt,8.520489970168455,47.346875760253596
Z025M001,Unbekannt,Z025,Europabrücke (Winzerstrasse),Europabrücke,Unbekannt,Meierwiesenstrasse,2679760.06,1250365.74,Höngg,472,Am Wasser/Europabrücke/Winzerstr,2,29,30,Unbekannt,Unbekannt,8.495214870982634,47.3992834249068
Z025M002,Unbekannt,Z025,Europabrücke (Winzerstrasse),Europabrücke,Unbekannt,Winzerstrasse,2679758.14,1250394.64,Altstetten,472,Am Wasser/Europabrücke/Winzerstr,2,27,28,Unbekannt,Unbekannt,8.495194593835503,47.39954356584771
Z026M001,Unbekannt,Z026,Rosengartenstrasse (Röschibachstrasse),Rosengartenstrasse,Unbekannt,vor Röschibachstrasse,2681913.5,1249607.31,Bucheggplatz,405,Wipkingerplatz (Höngger-/Röschibachstr),2,29,30,Unbekannt,Unbekannt,8.52359923213398,47.39219831344235
Z026M002,Unbekannt,Z026,Rosengartenstrasse,Rosengartenstrasse,Unbekannt,ab Ausfahrt Wipkingerplatz,2681940.05,1249609.39,Hardplatz,405,Wipkingerplatz (Höngger-/Röschibachstr),2,27,28,Unbekannt,Unbekannt,8.523951232795994,47.39221371753873
Z027M001,Unbekannt,Z027,Wipkingerbrücke,Wipkingerbrücke,Unbekannt,Escher Wyss Platz,2681960.29,1249649.87,Wipkingerplatz,403,Escher Wyss Platz (Em Sihlquai/Wipkingerbrücke),2,15,16,Unbekannt,Unbekannt,8.524226701925894,47.39257525016696
Z027M003,Unbekannt,Z027,Wipkingerbrücke,Wipkingerbrücke,Unbekannt,Wipkingerplatz,2681911.35,1249583.44,Escher Wyss Platz,405,Wipkingerplatz (Höngger-/Röschibachstr),2,11,12,Unbekannt,Unbekannt,8.523566387261768,47.39198390959065
Z028M001,Unbekannt,Z028,Kornhausbrücke,Kornhausbrücke,Unbekannt,vor Rousseaustrasse,2682767.55,1249026.65,Nord,377,Kornhaus-/Rousseaustr,2,16,17,Unbekannt,Unbekannt,8.534802543670777,47.38686948630759
Z028M002,Unbekannt,Z028,Kornhausbrücke,Kornhausbrücke,Unbekannt,ab Rousseaustrasse,2682755.37,1249023.49,Limmatplatz,377,Kornhaus-/Rousseaustr,2,18,19,Unbekannt,Unbekannt,8.534640667628334,47.38684259747996
Z029M001,Unbekannt,Z029,Walchebrücke,Walchebrücke,Unbekannt,vor Neumühlequai,2683350.45,1248117.8,Walcheplatz,305,Walcheplatz (Neumühlequai/Walchebrücke/Walchetor),2,10,11,Unbekannt,Unbekannt,8.54235219446902,47.378622394820276
Z029M002,Unbekannt,Z029,Walchebrücke,Walchebrücke,Unbekannt,Vor Museumsstrasse,2683297.01,1248118.51,Bahnhof,310,Bahnhofquai/Bahnhofquai Unterführung Nord,2,10,22,Unbekannt,Unbekannt,8.541644767122648,47.37863553823722
Z030M001,Unbekannt,Z030,Rudolf Brun-Brücke,Rudolf Brun-Brücke,Unbekannt,ab Limmatquai,2683386.15,1247648.25,Bahnhofquai,322,Limmatquai/Mühlegasse,2,13,14,Unbekannt,Unbekannt,8.542737391846446,47.37439504566229
Z030M002,Unbekannt,Z030,Rudolf Brun-Brücke,Rudolf Brun-Brücke,Unbekannt,ab Bahnhofquai,2683325.2,1247645.47,Mühlegasse,321,Bahnhofquai/Rud Brun-Brücke/Uraniastr (Heimatwerk),1,14,Unbekannt,Unbekannt,Unbekannt,8.5419299445841,47.374377754318886
Z031M001,Unbekannt,Z031,Quaibrücke,Quaibrücke,Unbekannt,135m vor Stadthausquai,2683399.15,1246811.72,Bürkliplatz,631,Bürkliplatz/Stadthausquai,2,16,17,Unbekannt,Unbekannt,8.542753661453927,47.36687017183801
Z031M002,Unbekannt,Z031,Quaibrücke,Quaibrücke,Unbekannt,ab Bürkliplatz,2683361.41,1246789.19,Bellevue,631,Bürkliplatz/Stadthausquai,2,14,15,Unbekannt,Unbekannt,8.542249889656315,47.36667232570296
Z032M001,Unbekannt,Z032,Binzmühlestrasse (Thurgauerstrasse),Binzmühlestrasse,39,Unbekannt,2683912.36,1252088.07,Oerlikon,144,Andreas-/Thurgauerstr,1,15,Unbekannt,Unbekannt,Unbekannt,8.550536931540316,47.414256870461294
Z032M002,Unbekannt,Z032,Binzmühlestrasse (Thurgauerstrasse),Binzmühlestrasse,35,Unbekannt,2683913.58,1252071.86,Schwamendingen,144,Andreas-/Thurgauerstr,2,13,14,Unbekannt,Unbekannt,8.550550051996687,47.41411093453791
Z033M001,Unbekannt,Z033,Milchbucktunnel (Südportal),Milchbucktunnel,Unbekannt,ab Wasserwerkstrasse,2682974.4,1248893.38,auswärts,375,Wasserwerkstr (Mibutu Südportal),2,26,27,Unbekannt,Unbekannt,8.537517002329835,47.38564492330156
Z033M002,Unbekannt,Z033,Milchbucktunnel (Südportal),Milchbucktunnel,Unbekannt,vor Wasserwerkstrasse,2682953.4,1248912.91,einwärts,375,Wasserwerkstr (Mibutu Südportal),3,23,24,25,Unbekannt,8.537242540891095,47.38582320786505
Z034M001,Unbekannt,Z034,Emil Klöti-Strasse (Gsteigstrasse),Emil Klöti-Strasse,Unbekannt,40m vor Knoten,2680448.99,1251086.36,Bucheggplatz,480,Emil Klöti-/Gsteigstr,2,8,9,Unbekannt,Unbekannt,8.504469733137643,47.40568042500896
Z034M002,Unbekannt,Z034,Emil Klöti-Strasse (Gsteigstrasse),Emil Klöti-Strasse,Unbekannt,60m ab Knoten,2680464.92,1251077.69,Affoltern,480,Emil Klöti-/Gsteigstr,2,10,20,Unbekannt,Unbekannt,8.504679198728137,47.40560050660547
Z035M001,Unbekannt,Z035,Gutstrasse (Burstwiesenstrasse),Gutstrasse,116,Unbekannt,2680544.57,1247408.57,Hubertus,40,Gutstr (111/121 Fg-Uebergang Schulweg),1,12,Unbekannt,Unbekannt,Unbekannt,8.505073749403644,47.37259296338498
Z035M002,Unbekannt,Z035,Gutstrasse (Burstwiesenstrasse),Gutstrasse,116,Unbekannt,2680550.91,1247394.08,Birmensdorferstrasse,40,Gutstr (111/121 Fg-Uebergang Schulweg),1,11,Unbekannt,Unbekannt,Unbekannt,8.50515507637931,47.37246187362526
Z036M001,Unbekannt,Z036,Schweighofstrasse (Hägelerweg),Schweighofstrasse,Unbekannt,Hägelerweg,2680283.75,1246891.47,Birmensdorferstrasse,787,Schweighofstr 425,1,1,Unbekannt,Unbekannt,Unbekannt,8.50152806152831,47.36797428191997
Z036M002,Unbekannt,Z036,Schweighofstrasse (Hägelerweg),Schweighofstrasse,Unbekannt,Hägelerweg,2680283.25,1246881.41,Albisgütli,787,Schweighofstr 425,1,2,Unbekannt,Unbekannt,Unbekannt,8.50151963882265,47.36788386873381
Z037M001,Unbekannt,Z037,Bergstrasse (Schneckenmannstrasse),Bergstrasse,Unbekannt,ab Schneckenmannstrasse,2684724.39,1247752.19,Klusplatz,553,Berg-/Schneckenmannstr,1,12,Unbekannt,Unbekannt,Unbekannt,8.56047424502771,47.375159103012614
Z037M002,Unbekannt,Z037,Bergstrasse (Schneckenmannstrasse),Bergstrasse,Unbekannt,vor Schneckenmannstrasse,2684723.22,1247762.38,Vorderberg,553,Berg-/Schneckenmannstr,1,11,Unbekannt,Unbekannt,Unbekannt,8.56046068380948,47.375250895528644
Z038M001,Unbekannt,Z038,Rosengartenstrasse (Nordstrasse),Rosengartenstrasse,23,Unbekannt,2682070.59,1249909.12,Bucheggplatz,407,Nordstr/Röschibachsteig/Rosengartenbrücke,2,14,15,Unbekannt,Unbekannt,8.525735057432787,47.39489304028647
Z038M002,Unbekannt,Z038,Rosengartenstrasse (Nordstrasse),Rosengartenstrasse,23,Unbekannt,2682064.64,1249911.79,Hardbrücke,407,Nordstr/Röschibachsteig/Rosengartenbrücke,2,12,13,Unbekannt,Unbekannt,8.52565674347073,47.394917793815274
Z039M004,Unbekannt,Z039,Hardbrücke (SBB PJZ),Hardbrücke,Unbekannt,Hohlstrasse,2681286.9,1248596.51,Albisriederplatz und Hohlstrasse,81,Hardbrücke/Hohlstr (Abfahrtsrampe),2,13,14,Unbekannt,Unbekannt,8.51511708035729,47.383185432496894
Z040M001,Unbekannt,Z040,Seebahnstrasse (Kalkbreitestrasse),Seebahnstrasse,Unbekannt,ab Kalkbreitenstrasse,2681633.58,1247560.63,Hohlstrasse,3,Kalkbreite-/Seebahnstr,2,11,12,Unbekannt,Unbekannt,8.519518680146433,47.373826493949046
Z040M002,Unbekannt,Z040,Seebahnstrasse (Kalkbreitestrasse),Seebahnstrasse,Unbekannt,ab Kalkbreitenstrasse,2681663.21,1247514.92,Birmensdorferstrasse,3,Kalkbreite-/Seebahnstr,1,20,Unbekannt,Unbekannt,Unbekannt,8.51990261622895,47.37341173409184
Z041M001,Unbekannt,Z041,Gessnerallee (Usteribrücke),Gessnerallee,Unbekannt,10m ab Knoten,2682836.17,1247804.28,Selnau,313,Gessnerallee/Usteribrücke,2,14,15,Unbekannt,Unbekannt,8.535484959459794,47.375867650629665
Z041M002,Unbekannt,Z041,Gessnerallee (Usteribrücke),Usteristrasse,21,Unbekannt,2682889.23,1247807.07,Löwenplatz,313,Gessnerallee/Usteribrücke,1,13,Unbekannt,Unbekannt,Unbekannt,8.536187968687782,47.37588606955875
Z042M002,Unbekannt,Z042,Limmatquai (Rudolf-Brun-Brücke),Limmatquai,Unbekannt,vor Rudolf-Brun-Brücke,2683405.82,1247669.65,Rudolf-Brun-Brücke,322,Limmatquai/Mühlegasse,1,11,Unbekannt,Unbekannt,Unbekannt,8.543001794604349,47.37458501419838
Z043M001,Unbekannt,Z043,Seilergraben (Mühlegasse),Seilergraben,Unbekannt,Predigerplatz,2683674.15,1247582.01,Heimplatz,324,Künstlergasse/Neumarkt/Seilergraben,1,15,Unbekannt,Unbekannt,Unbekannt,8.546537898294932,47.37376281697536
Z043M002,Unbekannt,Z043,Seilergraben (Mühlegasse),Seilergraben,Unbekannt,Mühlegasse,2683632.81,1247672.67,Central und Mühlegasse,323,Mühlegasse/Seilergraben,2,17,18,Unbekannt,Unbekannt,8.546007535300971,47.37458340324659
Z044M001,Unbekannt,Z044,Uraniastrasse (Bahnhofstrasse),Uraniastrasse,Unbekannt,vor Bahnhofstrasse,2683081.42,1247664.83,Sihlporte,332,Bahnhof-/Uraniastr,2,13,14,Unbekannt,Unbekannt,8.538706082943781,47.37458264791515
Z044M002,Unbekannt,Z044,Uraniastrasse (Bahnhofstrasse),Uraniastrasse,Unbekannt,ab Bahnhofstrasse,2683078.85,1247647.59,Brudolf-Brun-Brücke,332,Bahnhof-/Uraniastr,2,15,16,Unbekannt,Unbekannt,8.53866885821706,47.37442792621662
Z045M001,Unbekannt,Z045,Talstrasse (Pelikanstrasse),Talstrasse,Unbekannt,ab Pelikanstrasse,2682833.88,1247221.96,See,340,Pelikan-/Talstr (Schulweg),1,13,Unbekannt,Unbekannt,Unbekannt,8.535346883648968,47.37063091313491
Z045M002,Unbekannt,Z045,Talstrasse (Pelikanstrasse),Talstrasse,Unbekannt,vor Pelikanstrasse,2682837.98,1247228.78,Sihlporte,340,Pelikan-/Talstr (Schulweg),2,14,15,Unbekannt,Unbekannt,8.53540242259822,47.37069173265866
Z046M001,Unbekannt,Z046,Zeltweg (Merkurstrasse),Zeltweg,Unbekannt,Merkurstrasse,2684205.99,1246807.88,Kreuzplatz,504,Merkurstr/Zeltweg,1,17,Unbekannt,Unbekannt,Unbekannt,8.553433331074576,47.36673303829129
Z046M002,Unbekannt,Z046,Zeltweg (Merkurstrasse),Zeltweg,63,Unbekannt,2684191.84,1246842.02,Heimplatz,504,Merkurstr/Zeltweg,1,18,Unbekannt,Unbekannt,Unbekannt,8.553252443258863,47.36704187975657
Z047M001,Unbekannt,Z047,Hottingerstrasse (Freiestrasse),Hottingerstrasse,52,Unbekannt,2684393.48,1247079.64,Klusplatz,548,Freie-/Hottingerstr,1,15,Unbekannt,Unbekannt,Unbekannt,8.555966412934342,47.36915309123308
Z047M002,Unbekannt,Z047,Hottingerstrasse (Freiestrasse),Hottingerstrasse,52,Unbekannt,2684379.94,1247093.75,Heimplatz,548,Freie-/Hottingerstr,1,16,Unbekannt,Unbekannt,Unbekannt,8.555789831541052,47.36928172137393
Z048M001,Unbekannt,Z048,Rämistrasse (Stadelhoferstrasse),Rämistrasse,Unbekannt,ab Stadelhoferstrasse,2683669.44,1246937.44,Heimplatz,605,Rämi-/Stadelhoferstr,1,12,Unbekannt,Unbekannt,Unbekannt,8.546355072694055,47.36796655903057
Z048M002,Unbekannt,Z048,Rämistrasse (Stadelhoferstrasse),Rämistrasse,Unbekannt,ab Oderdorfstrasse,2683639.46,1246923.62,Bellevue,605,Rämi-/Stadelhoferstr,1,13,Unbekannt,Unbekannt,Unbekannt,8.545955627678723,47.367846076185934
Z049M001,Unbekannt,Z049,Bahnhofbrücke,Bahnhofbrücke,Unbekannt,Central,2683409.33,1247916.89,Central,304,Bahnhofbrücke/Central,1,19,Unbekannt,Unbekannt,Unbekannt,8.543094337992263,47.37680808858803
Z049M002,Unbekannt,Z049,Bahnhofbrücke,Bahnhofbrücke,Unbekannt,Bahnhofquai,2683341.26,1247938.79,Bahnhof,304,Bahnhofbrücke/Central,2,16,17,Unbekannt,Unbekannt,8.542197182245276,47.37701365647779
Z050M001,Unbekannt,Z050,Europabrücke (Max Högger- und Würzgrabenstrasse),Europabrücke,Unbekannt,vor Würzgrabenstrasse,2679597.69,1249679.24,Höngg,437,Europabrücke/Max Högger-/Würzgrabenstr,2,16,17,Unbekannt,Unbekannt,8.49294202326319,47.39312910903474
Z050M002,Unbekannt,Z050,Europabrücke (Max Högger- und Würzgrabenstrasse),Europabrücke,Unbekannt,ab Max-Höngger-Strasse,2679589.59,1249680.65,Altstetten,437,Europabrücke/Max Högger-/Würzgrabenstr,2,14,15,Unbekannt,Unbekannt,8.492834997891135,47.393142768431844
Z051M001,Unbekannt,Z051,Seebacherstrasse (Binzmühlestrasse),Seebacherstrasse,Unbekannt,ab Binzmühlestrasse,2681647.71,1252103.54,Seebach,784,Binzmühle-/Seebacherstr,1,2,Unbekannt,Unbekannt,Unbekannt,8.520535013338407,47.41468070805047
Z051M002,Unbekannt,Z051,Seebacherstrasse (Binzmühlestrasse),Seebacherstrasse,Unbekannt,vor Binzmühlestrasse,2681644.06,1252105.94,Affoltern,784,Binzmühle-/Seebacherstr,1,1,Unbekannt,Unbekannt,Unbekannt,8.520487091879131,47.41470274453062
Z052M001,Unbekannt,Z052,Hirschwiesentunnel,Hirschwiesentunnel,Unbekannt,Westportal,2682984.46,1250310.11,Winterthur,743,HIBUTU (Betriebsstatus und Zählstelle),1,2,Unbekannt,Unbekannt,Unbekannt,8.537913042755346,47.39838476925496
Z052M002,Unbekannt,Z052,Hirschwiesentunnel,Hirschwiesentunnel,Unbekannt,Westportal,2682982.87,1250316.11,Hardbrücke,743,HIBUTU (Betriebsstatus und Zählstelle),1,1,Unbekannt,Unbekannt,Unbekannt,8.537893096254667,47.39843892942238
Z053M001,Unbekannt,Z053,Birchstrasse (Eichraintunnel),Birchstrasse,Unbekannt,25m nach Glatttalstrasse,2683601.774,1253567.667,Autobahn,259,Eichraintunnel (Betriebsstatus und Zählstelle),2,5,6,Unbekannt,Unbekannt,8.546698776319129,47.42760273254681
Z053M002,Unbekannt,Z053,Birchstrasse (Eichraintunnel),Birchstrasse,Unbekannt,vor Glatttalstrasse,2683567.367,1253559.362,Glatttalstrasse,259,Eichraintunnel (Betriebsstatus und Zählstelle),2,3,4,Unbekannt,Unbekannt,8.546241246093356,47.42753241272731
Z054M001,Unbekannt,Z054,Rämistrasse (Kantonsschul- und Zürichbergstrasse),Rämistrasse,Unbekannt,ab Zürichbergstrasse,2683959.68,1247473.33,Universität,541,Kantonsschul-/Rämi-/Zürichbergstr,1,16,Unbekannt,Unbekannt,Unbekannt,8.550297654309382,47.37274909967516
Z054M002,Unbekannt,Z054,Rämistrasse (Kantonsschul- und Zürichbergstrasse),Rämistrasse,Unbekannt,vor Kantonsschulstrasse,2683969.38,1247478.98,Heimplatz,541,Kantonsschul-/Rämi-/Zürichbergstr,1,17,Unbekannt,Unbekannt,Unbekannt,8.550427130311189,47.37279867615613
Z055M001,Unbekannt,Z055,Höschgasse (Zollikerstrasse),Höschgasse,104,Unbekannt,2684533.15,1245997.77,See,521,Hammerstr/Höschgasse/Zollikerstr,1,17,Unbekannt,Unbekannt,Unbekannt,8.557611106793026,47.35940553384653
Z055M002,Unbekannt,Z055,Höschgasse (Zollikerstrasse),Höschgasse,104,Unbekannt,2684538.56,1245994.09,Hegibachplatz,521,Hammerstr/Höschgasse/Zollikerstr,2,19,20,Unbekannt,Unbekannt,8.557682015914647,47.359371744327916
Z056M003,Unbekannt,Z056,Zollikerstrasse (Höschgasse),Zollikerstrasse,85,Unbekannt,2684570.33,1245963.48,Zollikon,521,Hammerstr/Höschgasse/Zollikerstr,1,18,Unbekannt,Unbekannt,Unbekannt,8.558096725619858,47.3590923812794
Z056M004,Unbekannt,Z056,Zollikerstrasse (Höschgasse),Zollikerstrasse,85,Unbekannt,2684575.79,1245967.47,einwärts,521,Hammerstr/Höschgasse/Zollikerstr,1,15,Unbekannt,Unbekannt,Unbekannt,8.55816974420174,47.35912756428337
Z057M001,Unbekannt,Z057,Stockerstrasse (Dreikönigstrasse),Stockerstrasse,38,Unbekannt,2682816.79,1246823.7,Stauffacherplatz,351,Dreikönig-/Stockerstr,1,11,Unbekannt,Unbekannt,Unbekannt,8.535046971519535,47.36705135236255
Z057M002,Unbekannt,Z057,Stockerstrasse (Dreikönigstrasse),Stockerstrasse,38,Unbekannt,2682812.4,1246821.41,See,351,Dreikönig-/Stockerstr,1,12,Unbekannt,Unbekannt,Unbekannt,8.534988435783523,47.36703130913556
Z058M001,Unbekannt,Z058,Stampfenbachstrasse (Wasserwerkstrasse),Stampfenbachstrasse,56,Unbekannt,2683379.96,1248329.67,Schaffhauserplatz,373,Stampfenbach-/Wasserwerkstr,1,18,Unbekannt,Unbekannt,Unbekannt,8.542782388658894,47.3805240824023
Z058M002,Unbekannt,Z058,Stampfenbachstrasse (Wasserwerkstrasse),Stampfenbachstrasse,56,Unbekannt,2683370.8,1248325.77,Hauptbahnhof,373,Stampfenbach-/Wasserwerkstr,1,17,Unbekannt,Unbekannt,Unbekannt,8.542660377001537,47.38049016749406
Z059M001,Unbekannt,Z059,Neumühlequai (Sanität),Neumühlequai,40,Unbekannt,2683238.97,1248431.3,Milchbucktunnel,372,Neumühlequai (Ausfahrt Sanität),1,13,Unbekannt,Unbekannt,Unbekannt,8.54093448149524,47.381455904064126
Z059M002,Unbekannt,Z059,Neumühlequai (Sanität),Neumühlequai,40,Unbekannt,2683200.49,1248492.25,Central,372,Neumühlequai (Ausfahrt Sanität),1,14,Unbekannt,Unbekannt,Unbekannt,8.540436301327434,47.38200890913023
Z060M005,Unbekannt,Z060,Hermetschloobrücke,Hermetschloobrücke,Unbekannt,vor Bernerstrasse Süd,2678202.38,1250180.13,Bernerstrasse,786,Bernerstr/A1 Limmatbrücke,2,12,13,Unbekannt,Unbekannt,8.474550080868074,47.397800943747235
Z060M006,Unbekannt,Z060,Hermetschloobrücke,Hermetschloobrücke,Unbekannt,ab Bernerstrasse,2678191.96,1250174.04,Badenerstrasse,786,Bernerstr/A1 Limmatbrücke,1,11,Unbekannt,Unbekannt,Unbekannt,8.47441100131543,47.39774741092564
Z061M001,Unbekannt,Z061,Duttweiler Brücke,Duttweiler Brücke,Unbekannt,ab Pfingstweidstrasse,2681022.02,1249303.64,Hohlstrasse,426,Duttweilerstr/Duttweilerbrücke/Pfingstweidstr,2,11,14,Unbekannt,Unbekannt,8.511737732884527,47.38957755009628
Z061M002,Unbekannt,Z061,Duttweiler Brücke,Duttweiler Brücke,Unbekannt,vor Pfingstweidstrasse,2681041.14,1249300.71,Pfingstweidstrasse,426,Duttweilerstr/Duttweilerbrücke/Pfingstweidstr,3,12,13,15,Unbekannt,8.511990409303692,47.38954884764983
Z062M001,Unbekannt,Z062,Brunaustrasse (Rieterstrasse),Brunaustrasse,Unbekannt,vor Knoten,2682150.75,1245401.35,Enge,661,Brunau-/Rieterstr,1,18,Unbekannt,Unbekannt,Unbekannt,8.525969412334401,47.35434290898583
Z062M002,Unbekannt,Z062,Brunaustrasse (Rieterstrasse),Brunaustrasse,Unbekannt,ab Knoten,2682141.89,1245399.4,Allmend,661,Brunau-/Rieterstr,1,17,Unbekannt,Unbekannt,Unbekannt,8.5258517991825,47.354326475873975
Z063M001,Unbekannt,Z063,Albisriederstrasse (Hubertus),Albisriederstrasse,Unbekannt,vor Hubertus,2680111.39,1247945.02,Hubertus,419,Albisrieder-/Gutstr (Hubertus),1,15,Unbekannt,Unbekannt,Unbekannt,8.499434950111368,47.37747029418059
Z063M002,Unbekannt,Z063,Albisriederstrasse (Hubertus),Albisriederstrasse,Unbekannt,ab Hubertus,2680119.19,1247929.69,Albisriederplatz,419,Albisrieder-/Gutstr (Hubertus),1,14,Unbekannt,Unbekannt,Unbekannt,8.499535478505594,47.37733147658816
Z064M003,Unbekannt,Z064,Gutstrasse (Hubertus),Gutstrasse,230,Unbekannt,2680149.109,1247840.135,Hubertus,419,Albisrieder-/Gutstr (Hubertus),1,17,Unbekannt,Unbekannt,Unbekannt,8.499915570538995,47.376522431673855
Z064M004,Unbekannt,Z064,Gutstrasse (Hubertus),Gutstrasse,230,Unbekannt,2680149.561,1247829.965,Birmensdorferstrasse,419,Albisrieder-/Gutstr (Hubertus),1,16,Unbekannt,Unbekannt,Unbekannt,8.499919733821812,47.37643091353159
Z065M001,Unbekannt,Z065,Hardturmstrasse (Fischerweg),Hardturmstrasse,Unbekannt,Fischerweg,2681559.27,1249548.02,auswärts,467,Hardturmstr 11/66 (Fg-Uebergang Depot Hard),2,11,13,Unbekannt,Unbekannt,8.518897109793633,47.39170905109493
Z065M002,Unbekannt,Z065,Hardturmstrasse (Fischerweg),Hardturmstrasse,Unbekannt,Fischerweg,2681566.35,1249538.12,einwärts,467,Hardturmstr 11/66 (Fg-Uebergang Depot Hard),1,15,Unbekannt,Unbekannt,Unbekannt,8.51898906908272,47.39161914024378
Z066M001,Unbekannt,Z066,Stauffacherstrasse (Feldstrasse),Stauffacherstrasse,151,Unbekannt,2681813.28,1247994.07,Helvetiaplatz,62,Feld-/Stauffacherstr,2,12,13,Unbekannt,Unbekannt,8.521976974651157,47.37770230477258
Z066M002,Unbekannt,Z066,Stauffacherstrasse (Feldstrasse),Stauffacherstrasse,151,Unbekannt,2681828.48,1247992.53,Seebahnstrasse,62,Feld-/Stauffacherstr,1,11,Unbekannt,Unbekannt,Unbekannt,8.52217794226699,47.377686567459335
Z067M001,Unbekannt,Z067,Manessestrasse (Stauffacherquai),Manessestrasse,4,Unbekannt,2682225.55,1247066.11,A3 und Schimmelstrasse,16,Manessestr/Sihlhölzlibrücke/Stauffacherquai,2,14,15,Unbekannt,Unbekannt,8.527264999763277,47.36930547708144
Z068M001,Unbekannt,Z068,Schimmelstrasse (Werdstrasse),Schimmelstrasse,10,Unbekannt,2682050.28,1247164.9,Manessestrasse,14,Schimmel-/Werdstr (Schulweg),2,13,14,Unbekannt,Unbekannt,8.524962883805927,47.37021578127958
Z068M002,Unbekannt,Z068,Schimmelstrasse (Werdstrasse),Schimmelstrasse,10,Unbekannt,2682054.0,1247168.0,Bahnhof Wiedikon,14,Schimmel-/Werdstr (Schulweg),1,12,Unbekannt,Unbekannt,Unbekannt,8.525012698125085,47.37024319765527
Z069M001,Unbekannt,Z069,Seebahnstrasse (Stauffacherstrasse),Seebahnstrasse,251,Unbekannt,2681637.49,1248112.09,Hohlstrasse,35,Seebahn-/Stauffacherstr (Schulweg),1,19,Unbekannt,Unbekannt,Unbekannt,8.519671028153146,47.37878550851513
Z069M002,Unbekannt,Z069,Seebahnstrasse (Stauffacherstrasse),Seebahnstrasse,231,Unbekannt,2681612.0,1248083.0,Badenerstrasse,35,Seebahn-/Stauffacherstr (Schulweg),1,20,Unbekannt,Unbekannt,Unbekannt,8.519328226892359,47.37852704850412
Z070M001,Unbekannt,Z070,Hohlstrasse (Erismannstrasse),Hohlstrasse,167,Unbekannt,2681629.07,1248307.08,Hardplatz,36,Hohl-/Seebahnstr (Schulweg),2,19,20,Unbekannt,Unbekannt,8.519595110234201,47.38054017249113
Z070M002,Unbekannt,Z070,Hohlstrasse (Erismannstrasse),Hohlstrasse,167,Unbekannt,2681629.46,1248290.46,Seebahnstrasse,36,Hohl-/Seebahnstr (Schulweg),1,21,Unbekannt,Unbekannt,Unbekannt,8.519597242575477,47.380390654096935
Z071M001,Unbekannt,Z071,Badenerstrasse (Zypressenstrasse),Badenerstrasse,298,Unbekannt,2681183.65,1247898.67,Albisriederplatz,38,Badener-/Zypressenstr,1,12,Unbekannt,Unbekannt,Unbekannt,8.513623307969933,47.37692221141594
Z071M002,Unbekannt,Z071,Badenerstrasse (Zypressenstrasse),Badenerstrasse,298,Unbekannt,2681175.41,1247887.5,Seebahnstrasse,38,Badener-/Zypressenstr,1,13,Unbekannt,Unbekannt,Unbekannt,8.513512185320067,47.37682277025372
Z072M001,Unbekannt,Z072,Manessestrasse (Weststrasse),Manessestrasse,Unbekannt,Weststrasse,2682047.59,1247026.35,auswärts,18,Manesse-/Weststr,2,11,12,Unbekannt,Unbekannt,8.524901881687528,47.368970079604274
Z072M002,Unbekannt,Z072,Manessestrasse (Weststrasse),Manessestrasse,Unbekannt,Weststrasse,2682055.0,1247019.0,einwärts,18,Manesse-/Weststr,3,13,14,15,Unbekannt,8.524998627443635,47.36890305545096
Z073M001,Unbekannt,Z073,Stauffacherbrücke,Stauffacherbrücke,Unbekannt,beim Stauffacherquai,2682474.28,1247275.42,See,365,Stauffacherbrücke/Stauffacherquai/Stauffacherstr,1,14,Unbekannt,Unbekannt,Unbekannt,8.530596239868974,47.37115680332748
Z073M002,Unbekannt,Z073,Stauffacherbrücke,Stauffacherbrücke,Unbekannt,bei Selnaustrasse,2682509.27,1247271.02,Stauffacher,364,Selnau-/Sihlhölzlistr/Stauffacherbrücke (Bahnhof Selnau),1,14,Unbekannt,Unbekannt,Unbekannt,8.531058641560062,47.37111285231324
Z074M002,Unbekannt,Z074,Stauffacherquai (Stauffacherbrücke),Stauffacherquai,Unbekannt,ab Stauffacherbrücke,2682467.01,1247308.4,Hauptbahnhof,365,Stauffacherbrücke/Stauffacherquai/Stauffacherstr,1,13,Unbekannt,Unbekannt,Unbekannt,8.530506071864162,47.37145431528709
Z075M001,Unbekannt,Z075,Stauffacherstrasse (Stauffacherbrücke),Stauffacherbrücke,Unbekannt,beim Stauffacherquai,2682475.72,1247274.81,See,365,Stauffacherbrücke/Stauffacherquai/Stauffacherstr,1,14,Unbekannt,Unbekannt,Unbekannt,8.53061519082687,47.371151137133154
Z075M003,Unbekannt,Z075,Stauffacherstrasse (Stauffacherbrücke),Stauffacherstrasse,7,Unbekannt,2682438.72,1247315.24,Stauffacher,365,Stauffacherbrücke/Stauffacherquai/Stauffacherstr,1,12,Unbekannt,Unbekannt,Unbekannt,8.530132814144691,47.37151936981992
Z076M001,Unbekannt,Z076,Pfingstweidstrasse (Sportweg),Pfingstweidstrasse,Unbekannt,70m ab Sportweg,2680534.0,1249530.0,auswärts,428,Pfingstweidstr/Sportweg,2,18,19,Unbekannt,Unbekannt,8.505315600321229,47.39167313281813
Z076M002,Unbekannt,Z076,Pfingstweidstrasse (Sportweg),Pfingstweidstrasse,Unbekannt,40m ab Aargauerstrasse,2680408.0,1249570.0,einwärts,429,Aargauer-/Pfingstweidstr,2,29,30,Unbekannt,Unbekannt,8.503654097423942,47.39204825997651
Z077M001,Unbekannt,Z077,Sihlhölzlibrücke (Ulmbergtunnel),Sihlhölzlibrücke,Unbekannt,ab Sihlhölzlistrasse,2682331.58,1247014.38,Manessestrasse,27,Sihlhölzlibrücke/Sihlhölzli-/Tunnelstr,3,11,12,13,Unbekannt,8.528659109308855,47.36882701019932
Z078M001,Unbekannt,Z078,Birmensdorferstrasse (Wasserschöpfi),Birmensdorferstrasse,380,Unbekannt,2680570.0,1247051.0,auswärts,32,Birmensdorferstr/Wasserschöpfi (Heuried),1,14,Unbekannt,Unbekannt,Unbekannt,8.505346061025707,47.36937407227268
Z078M002,Unbekannt,Z078,Birmensdorferstrasse (Wasserschöpfi),Birmensdorferstrasse,343,Unbekannt,2680627.0,1247048.0,einwärts,32,Birmensdorferstr/Wasserschöpfi (Heuried),1,12,Unbekannt,Unbekannt,Unbekannt,8.506100089309687,47.3693401207719
Z079M003,Unbekannt,Z079,A3W (A4 Uetlibergtunnel Brunau),A3W (A4),Unbekannt,Brunau,2681711.03,1244591.58,Uetlibergtunnel,783,A3 Allmendstr,2,5,6,Unbekannt,Unbekannt,8.520002347569006,47.347114922947426
Z079M004,Unbekannt,Z079,A3W (A4 Uetlibergtunnel Brunau),A3W (A4),Unbekannt,Brunau,2681737.76,1244573.5,einwärts,783,A3 Allmendstr,2,7,8,Unbekannt,Unbekannt,8.520352753710307,47.34694900745357
Z080M005,Unbekannt,Z080,A3W (Chur Brunau),A3W,Unbekannt,Brunau,2681720.14,1244585.09,Chur,783,A3 Allmendstr,2,9,10,Unbekannt,Unbekannt,8.520121711850527,47.34705542613411
Z080M006,Unbekannt,Z080,A3W (Chur Brunau),A3W,Unbekannt,Brunau,2681728.49,1244579.52,einwärts,783,A3 Allmendstr,2,11,12,Unbekannt,Unbekannt,8.520231187005958,47.34700429740876
Z081M001,Unbekannt,Z081,Pfingstweidstrasse (Welti Furrer Ausfahrt),Pfingstweidstrasse,16,Unbekannt,2681455.2,1249140.27,auswärts,422,Pfingstweidstr (Welti Furrer Ausfahrt),2,16,17,Unbekannt,Unbekannt,8.517444608368994,47.38805488411203
Z081M002,Unbekannt,Z081,Pfingstweidstrasse (Welti Furrer Ausfahrt),Pfingstweidstrasse,1,Unbekannt,2681492.61,1249103.94,Hardbrücke,422,Pfingstweidstr (Welti Furrer Ausfahrt),2,14,15,Unbekannt,Unbekannt,8.517933398837576,47.38772352840563
Z082M001,Unbekannt,Z082,Hardbrücke (Hardstrasse),Hardstrasse,Unbekannt,Auffahrtsrampe,2681290.57,1248593.98,Bucheggplatz,81,Hardbrücke/Hohlstr (Abfahrtsrampe),1,15,Unbekannt,Unbekannt,Unbekannt,8.515165216890997,47.383162226421334
Z082M002,Unbekannt,Z082,Hardbrücke (Hardstrasse),Hardstrasse,Unbekannt,Abfahrtsrampe,2681286.9,1248596.51,Albissriederplatz,81,Hardbrücke/Hohlstr (Abfahrtsrampe),1,14,Unbekannt,Unbekannt,Unbekannt,8.51511708035729,47.383185432496894
Z083M001,Unbekannt,Z083,Hardbrücke Rampen (Hohlstrasse),Auffahrtsrampe Hohlstrasse Ost,Unbekannt,vor Hardbrücke,2681323.95,1248627.21,Bucheggplatz,82,Hardbrücke/Hohlstr (Auffahrtsrampe),1,12,Unbekannt,Unbekannt,Unbekannt,8.515613255748413,47.383456957178055
Z083M003,Unbekannt,Z083,Hardbrücke Rampen (Hohlstrasse),Abfahrtsrampe Hohlstrasse West,Unbekannt,ab Hardbrücke,2681302.84,1248632.97,Hohlstrasse,81,Hardbrücke/Hohlstr (Abfahrtsrampe),1,13,Unbekannt,Unbekannt,Unbekannt,8.51533477373783,47.383511364459345
Z084M001,Unbekannt,Z084,Angererstrasse Tunnelstrasse (Ulmbergtunnel),Angererstrasse,Unbekannt,Tunnelportal,2682575.0,1246766.0,Sihlhölzli,744,Ulmbergtunnel (Betriebsstatus und Zählstelle),1,1,Unbekannt,Unbekannt,Unbekannt,8.531835657530307,47.36656277312665
Z084M002,Unbekannt,Z084,Angererstrasse Tunnelstrasse (Ulmbergtunnel),Tunnelstrasse,Unbekannt,Tunnelportal,2682555.0,1246755.0,Bleicherweg,744,Ulmbergtunnel (Betriebsstatus und Zählstelle),1,6,Unbekannt,Unbekannt,Unbekannt,8.531568883645788,47.36646635130072
Z085M003,Unbekannt,Z085,Alfred-Escher-Strasse (Ulmbergtunnel),Alfred-Escher-Strasse,Unbekannt,Tunnelportal,2682568.0,1246765.0,Sihlhölzli,744,Ulmbergtunnel (Betriebsstatus und Zählstelle),2,2,3,Unbekannt,Unbekannt,8.531742812120694,47.36655465676169
Z085M004,Unbekannt,Z085,Alfred-Escher-Strasse (Ulmbergtunnel),Alfred-Escher-Strasse,Unbekannt,Tunnelportal,2682562.0,1246759.0,See,744,Ulmbergtunnel (Betriebsstatus und Zählstelle),2,4,5,Unbekannt,Unbekannt,8.531662282054508,47.366501448021026
Z086M003,Unbekannt,Z086,Binzmuehlestrasse (Seebacherstrasse),Binzmühlestrasse,Unbekannt,vor Seebacherstrasse,2681645.0,1252090.0,Affoltern,784,Binzmühle-/Seebacherstr,1,4,Unbekannt,Unbekannt,Unbekannt,8.520496634375954,47.41455927495323
Z086M004,Unbekannt,Z086,Binzmuehlestrasse (Seebacherstrasse),Binzmühlestrasse,Unbekannt,ab Seebacherstrasse,2681650.0,1252084.0,Oerlikon,784,Binzmühle-/Seebacherstr,1,3,Unbekannt,Unbekannt,Unbekannt,8.520561784516534,47.41450469522589
Z087M001,Unbekannt,Z087,Wehntalerstrasse (Nordheimstrasse),Wehntalerstrasse,153,Unbekannt,2682671.0,1250955.0,Affoltern,222,Birch-/Wehntalerstr,1,18,Unbekannt,Unbekannt,Unbekannt,8.533880431162403,47.40422388092822
Z087M002,Unbekannt,Z087,Wehntalerstrasse (Nordheimstrasse),Wehntalerstrasse,153,Unbekannt,2682668.0,1250941.0,einwärts,222,Birch-/Wehntalerstr,1,17,Unbekannt,Unbekannt,Unbekannt,8.53383810273051,47.404098351353205
Z088M001,Unbekannt,Z088,Regensbergstrasse (Birchstrasse),Regensbergstrasse,Unbekannt,ab Birchstrasse,2682930.0,1251564.0,Affoltern,243,Birchplatz (Birch-/Regensbergstr Schulweg),1,21,Unbekannt,Unbekannt,Unbekannt,8.537424278824602,47.409668227295285
Z088M002,Unbekannt,Z088,Regensbergstrasse (Birchstrasse),Regensbergstrasse,Unbekannt,vor Birchstrasse,2682940.0,1251551.0,Oerlikon,243,Birchplatz (Birch-/Regensbergstr Schulweg),2,19,20,Unbekannt,Unbekannt,8.53755434673886,47.40955005526877
Z089M001,Unbekannt,Z089,Wallisellenstrasse (Saatlenstrasse),Wallisellenstrasse,Unbekannt,vor Saatlenstrasse,2684870.0,1251725.0,auswärts,127,Saatlen-/Wallisellenstr (Schulweg),1,11,Unbekannt,Unbekannt,Unbekannt,8.56315583371858,47.410868961048024
Z089M002,Unbekannt,Z089,Wallisellenstrasse (Saatlenstrasse),Wallisellenstrasse,Unbekannt,ab Saatlenstrasse,2684856.0,1251730.0,einwärts,127,Saatlen-/Wallisellenstr (Schulweg),1,12,Unbekannt,Unbekannt,Unbekannt,8.56297130768755,47.410915731484046
Z090M001,Unbekannt,Z090,Winterthurerstrasse (Luchswiesenstrasse),Winterthurerstrasse,Unbekannt,vor Luchswiesenstrasse,2686466.0,1251268.0,auswärts,136,Luchswiesen-/Winterthurerstr,1,21,Unbekannt,Unbekannt,Unbekannt,8.58421153000025,47.40655142737107
Z090M002,Unbekannt,Z090,Winterthurerstrasse (Luchswiesenstrasse),Winterthurerstrasse,Unbekannt,ab Luchswiesenstrasse,2686453.0,1251269.0,einwärts,136,Luchswiesen-/Winterthurerstr,1,20,Unbekannt,Unbekannt,Unbekannt,8.584039511034177,47.40656212739204
Z091M001,Unbekannt,Z091,Dreikönigstrasse (Genferstrasse),Dreikönigstrasse,Unbekannt,ab Genferstrasse,2682703.0,1246710.0,Talstrasse,349,Dreikönig-/Genferstr,2,11,12,Unbekannt,Unbekannt,8.533519686016596,47.3660430921639
Z092M001,Unbekannt,Z092,Am Wasser (Hardeggstrasse),Am Wasser,79,Unbekannt,2680353.27,1250146.37,auswärts,788,Am Wasser 79,1,12,Unbekannt,Unbekannt,Unbekannt,8.50303281319898,47.397238448555676
Z092M002,Unbekannt,Z092,Am Wasser (Hardeggstrasse),Am Wasser,79,Unbekannt,2680351.25,1250143.93,einwärts,788,Am Wasser 79,1,11,Unbekannt,Unbekannt,Unbekannt,8.50300561996929,47.397216751165004
Z093M001,Unbekannt,Z093,Hardturmstrasse (Bernoullihäuser),Hardturmstrasse,253,Unbekannt,2680756.38,1249768.58,auswärts,414,Hardturmstr (Bernoullihäuser(Fg-Uebergang)),1,12,Unbekannt,Unbekannt,Unbekannt,8.508303780652897,47.39379154655607
Z093M002,Unbekannt,Z093,Hardturmstrasse (Bernoullihäuser),Hardturmstrasse,253,Unbekannt,2680804.49,1249763.88,einwärts,414,Hardturmstr (Bernoullihäuser(Fg-Uebergang)),1,11,Unbekannt,Unbekannt,Unbekannt,8.508940105690792,47.393743377839414
Z095M001,Unbekannt,Z095,Schwamendingerstrasse (Dörflistrasse),Schwamendingerstrasse,Unbekannt,25m ab Dörflistrasse,2683960.76,1251252.12,Schwamendingen,103,Dörfli-/Schwamendingenstr (Schulweg),1,14,Unbekannt,Unbekannt,Unbekannt,8.551021170849818,47.406732792290654
Z095M002,Unbekannt,Z095,Schwamendingerstrasse (Dörflistrasse),Schwamendingerstrasse,Unbekannt,25m vor Dörflistrasse,2683962.29,1251255.28,Oerlikon,103,Dörfli-/Schwamendingenstr (Schulweg),1,11,Unbekannt,Unbekannt,Unbekannt,8.551042032583728,47.40676101592694
Z096M003,Unbekannt,Z096,Katzenschwanzstrasse (Witikonerstrasse),Katzenschwanzstrasse,Unbekannt,ab Witikonerstrasse,2687489.57,1246167.45,auswärts,534,Katzenschwanz-/Witikonerstr,1,16,Unbekannt,Unbekannt,Unbekannt,8.596773509501578,47.360545714489575
Z096M004,Unbekannt,Z096,Katzenschwanzstrasse (Witikonerstrasse),Katzenschwanzstrasse,Unbekannt,vor Witikonerstrasse,2687484.89,1246164.33,einwärts,534,Katzenschwanz-/Witikonerstr,1,15,Unbekannt,Unbekannt,Unbekannt,8.596710957238347,47.36051827658214
Z097M001,Unbekannt,Z097,Hofwiesenstrasse (Brunnenhofweg),Hofwiesenstrasse,Unbekannt,vor Brunnenhofweg,2682722.32,1250622.32,Oerlikon,223,Brunnenhofweg/Hofwiesenstr,1,12,Unbekannt,Unbekannt,Unbekannt,8.534498701871692,47.4012255456533
Z097M002,Unbekannt,Z097,Hofwiesenstrasse (Brunnenhofweg),Hofwiesenstrasse,Unbekannt,ab Brunnenhofweg,2682704.5,1250615.65,Bucheggplatz,223,Brunnenhofweg/Hofwiesenstr,1,11,Unbekannt,Unbekannt,Unbekannt,8.534261426307614,47.40116779828504
Z098M001,Unbekannt,Z098,Letzigraben (Hubertus),Letzigraben,Unbekannt,ab Albisriederstrasse,2680065.92,1247982.342,Letzigrund,420,Albisriederstr/Letzigraben (Hubertus),1,18,Unbekannt,Unbekannt,Unbekannt,8.498839600449452,47.37781147351969
Z098M002,Unbekannt,Z098,Letzigraben (Hubertus),Letzigraben,Unbekannt,vor Albisriederstrasse,2680054.761,1247971.654,auswärts,420,Albisriederstr/Letzigraben (Hubertus),2,19,20,Unbekannt,Unbekannt,8.498689941808433,47.37771670763339
Z099M001,Unbekannt,Z099,Albisriederstrasse (Freilagerstrasse),Albisriederstrasse,263,Unbekannt,2679611.727,1247985.555,einwärts,449,Albisrieder-/Freilagerstr (Tramschleuse),1,11,Unbekannt,Unbekannt,Unbekannt,8.492826578362257,47.3778954025705
Z099M002,Unbekannt,Z099,Albisriederstrasse (Freilagerstrasse),Albisriederstrasse,Unbekannt,nach Freilagerstrasse,2679605.908,1247992.186,auswärts,449,Albisrieder-/Freilagerstr (Tramschleuse),1,12,Unbekannt,Unbekannt,Unbekannt,8.49275071308092,47.37795574107705
Z100M001,Unbekannt,Z100,Rautistrasse (Luggwegstrasse),Rautistrasse,Unbekannt,vor Luggwegstrasse,2679266.719,1248465.663,Altstetter-/Luggwegstrasse,446,Luggweg-/Rautistr,2,17,18,Unbekannt,Unbekannt,8.488343638038742,47.382254817375305
Z100M002,Unbekannt,Z100,Rautistrasse (Luggwegstrasse),Rautistrasse,Unbekannt,nach Luggwegstrasse,2679274.175,1248454.831,Albisriederstrasse,446,Luggweg-/Rautistr,1,19,Unbekannt,Unbekannt,Unbekannt,8.488440446198242,47.38215650348418
Z101M005,Unbekannt,Z101,Altstetterstrasse (Algirstrasse),Altstetterstrasse,Unbekannt,nach Algirstrasse,2678914.0,1248430.0,einwärts,445,Altstetter-/Rautistrasse,1,17,Unbekannt,Unbekannt,Unbekannt,8.483666891775396,47.381976424759245
Z101M006,Unbekannt,Z101,Altstetterstrasse (Algirstrasse),Altstetterstrasse,Unbekannt,vor Algirstrasse,2678911.0,1248430.0,auswärts,445,Altstetter-/Rautistrasse,1,18,Unbekannt,Unbekannt,Unbekannt,8.483627168089038,47.381976784066346
Z102M001,Unbekannt,Z102,Badenerstrasse (Farbhof),Badenerstrasse,738,(vor Farbhof),2678637.0,1249346.0,auswärts,454,Badenerstr 779 (FG-Übergang),1,13,Unbekannt,Unbekannt,Unbekannt,8.480160055951567,47.390247526900005
Z102M002,Unbekannt,Z102,Badenerstrasse (Farbhof),Badenerstrasse,738,(nach Farbhof),2678632.0,1249335.0,einwärts,454,Badenerstr 779 (FG-Übergang),1,14,Unbekannt,Unbekannt,Unbekannt,8.480091906062121,47.39014919609748
Z103M001,Unbekannt,Z103,Hohlstrasse (Farbhof),Hohlstrasse,Unbekannt,Werdhölzlistrasse,2678736.674,1249525.658,auswärts,452,Hohl-/Werdhölzlistr,1,13,Unbekannt,Unbekannt,Unbekannt,8.481511688460825,47.39185136055041
Z103M002,Unbekannt,Z103,Hohlstrasse (Farbhof),Hohlstrasse,639,Unbekannt,2678790.668,1249531.613,einwärts,452,Hohl-/Werdhölzlistr,1,14,Unbekannt,Unbekannt,Unbekannt,8.482227817001686,47.391898460536666
Z104M001,Unbekannt,Z104,Bändliweg (Bändlistrasse),Bändliweg,Unbekannt,nach Bändlistrasse,2679019.898,1249981.167,Altstetten,463,Bändlistr/Bändliweg/Grünauring,1,14,Unbekannt,Unbekannt,Unbekannt,8.485343085960778,47.39591402336358
Z104M002,Unbekannt,Z104,Bändliweg (Bändlistrasse),Bändliweg,Unbekannt,vor Bändlistrasse,2679022.818,1249979.16,Höngg/Europabrücke,463,Bändlistr/Bändliweg/Grünauring,1,13,Unbekannt,Unbekannt,Unbekannt,8.485381405866594,47.39589562331732
Z105M001,Unbekannt,Z105,Lenggstrasse (Lengghalde),Lenggstrasse,Unbekannt,Lengghalde,2685783.86,1245475.61,Südstrasse,528,Forch-/Lenggstr,1,13,Unbekannt,Unbekannt,Unbekannt,8.574064754077387,47.354547965104096
Z105M002,Unbekannt,Z105,Lenggstrasse (Lengghalde),Lenggstrasse,Unbekannt,Lengghalde,2685785.92,1245472.68,Forchstrasse,528,Forch-/Lenggstr,1,14,Unbekannt,Unbekannt,Unbekannt,8.574091455393893,47.35452134644308
Z106M001,Unbekannt,Z106,Zürichbergstrasse (Dreiwiesenstrasse),Zürichbergstrasse,Unbekannt,Wendeschlaufe Zoo,2685564.753,1248487.685,Zoo,560,Dreiwiesen-/Krähbühlstr (Wechselsignal-Steuerung Zoo),1,1,Unbekannt,Unbekannt,Unbekannt,8.571740704913664,47.38166504417513
Z106M002,Unbekannt,Z106,Zürichbergstrasse (Dreiwiesenstrasse),Zürichbergstrasse,Unbekannt,Wendeschlaufe Zoo,2685565.376,1248500.95,einwärts,560,Dreiwiesen-/Krähbühlstr (Wechselsignal-Steuerung Zoo),1,2,Unbekannt,Unbekannt,Unbekannt,8.571751490503111,47.381784259356984
Z107M003,Unbekannt,Z107,Dreiwiesenstrasse (Tobelhofstrasse),Dreiwiesenstrasse,Unbekannt,vor Tobelhofstrasse,2685813.765,1248154.018,auswärts,550,Tobelhof-/Dreiwiesenstrasse,1,30,Unbekannt,Unbekannt,Unbekannt,8.574973872717592,47.378631890740834
Z107M004,Unbekannt,Z107,Dreiwiesenstrasse (Tobelhofstrasse),Dreiwiesenstrasse,Unbekannt,nach Tobelhofstrasse,2685812.581,1248158.685,Zoo,550,Tobelhof-/Dreiwiesenstrasse,1,18,Unbekannt,Unbekannt,Unbekannt,8.574959091224898,47.37867401668381
Z108M005,Unbekannt,Z108,Tobelhofstrasse (Dreiwiesenstrasse),Tobelhofstrasse,Unbekannt,nach Dreiwiesenstrasse,2685813.35,1248142.25,auswärts,550,Tobelhof-/Dreiwiesenstrasse,1,17,Unbekannt,Unbekannt,Unbekannt,8.574966121552066,47.378526111626364
